<?xml version="1.0" encoding="UTF-8"?>
<project-private xmlns="http://www.netbeans.org/ns/project-private/1">
    <editor-bookmarks xmlns="http://www.netbeans.org/ns/editor-bookmarks/2" lastBookmarkId="0"/>
    <open-files xmlns="http://www.netbeans.org/ns/projectui-open-files/2">
        <group>
            <file>file:/C:/Users/RC_Student_lab/Documents/NetBeansProjects/KhanBanBoard/test/khanbanboard/KhanBanTest.java</file>
            <file>file:/C:/Users/RC_Student_lab/Documents/NetBeansProjects/KhanBanBoard/src/khanbanboard/KhanBan.java</file>
            <file>file:/C:/Users/RC_Student_lab/Documents/NetBeansProjects/KhanBanBoard/src/khanbanboard/KhanBanBoard.java</file>
        </group>
    </open-files>
</project-private>
